ASSET,MACRO_INDICATOR,CORRELATION,N_OBS
BTC,VIX,0.1892461351023723,20
BTC,TREASURY_10Y,0.15500035071344853,19
BTC,TREASURY_2Y,-0.04210009642910921,19
BTC,FED_FUNDS_RATE,0.01000730919664744,19
BTC,WTI_CRUDE_OIL,0.14714038032150306,15
SP500,VIX,-0.5383040559860978,19
SP500,TREASURY_10Y,-0.3722658186632196,18
SP500,TREASURY_2Y,-0.5747392211362944,18
SP500,FED_FUNDS_RATE,3.02834678908126e-17,18
SP500,WTI_CRUDE_OIL,-0.04193047851709395,14
