RATE_REGIME,VOL_REGIME,NUM_DAYS,AVG_SP500_RETURN,AVG_BTC_RETURN
Cutting,Low Vol,1,0.006108260424063845,-0.018885371622578237
Holding,High Vol,2,-0.021322406096667648,-0.018104852198372164
Holding,Low Vol,18,0.0031763530950651396,-0.010283870201769445
